customer_id,age,email,salary,country,phone,signup_date
C0001,150.0,user1@example.com,103838.41593941413,USA,416-555-0001,2020-01-01
C0002,-5.0,user2@example.com,,Canada,416-555-0002,2020-01-02
C0003,46.0,user3@example.com,-5000.0,USA,416-555-0003,2020-01-03
C0004,32.0,not-an-email,54656.50145890204,UK,416-555-0004,2020-01-04
C0005,60.0,missing@,49313.02077375367,USA,416-555-0005,2020-01-05
C0006,25.0,@nodomain.com,63953.317490517824,Canada,416-555-0006,2020-01-06
C0007,78.0,user7@example.com,33506.681907921025,Germany,416-555-0007,2020-01-07
C0008,38.0,user8@example.com,85642.84959041036,France,416-555-0008,2020-01-08
C0009,56.0,user9@example.com,60289.87933998539,Canada,416-555-0009,2020-01-09
C0010,75.0,user10@example.com,89015.0371842668,Australia,416-555-0010,2020-01-10
C0011,36.0,user11@example.com,64685.69588690085,Canada,(416) 555-0010,2020-01-11
C0012,40.0,user12@example.com,91345.23020755107,Canada,4165550011,2020-01-12
C0013,28.0,user13@example.com,60656.2112517816,USA,+1-416-555-0012,2020-01-13
C0014,28.0,user14@example.com,53462.50754123128,USA,416-555-0014,2020-01-14
C0015,41.0,user15@example.com,74643.37088640656,Australia,416-555-0015,2020-01-15
C0016,70.0,user16@example.com,92360.13228227454,USA,416-555-0016,2020-01-16
C0017,53.0,user17@example.com,61350.29440078777,USA,416-555-0017,2020-01-17
C0018,57.0,user18@example.com,114298.33366701365,Canada,416-555-0018,2020-01-18
C0019,41.0,user19@example.com,33526.76940080816,UK,416-555-0019,2020-01-19
C0020,20.0,user20@example.com,67615.14285440209,USA,416-555-0020,2020-01-20
C0021,39.0,user21@example.com,117082.24963682228,UK,416-555-0021,2020-01-21
C0022,70.0,user22@example.com,79317.46949232786,USA,416-555-0022,2020-01-22
C0023,19.0,user23@example.com,68112.38480773068,USA,416-555-0023,2020-01-23
C0024,41.0,user24@example.com,81166.82553749625,Australia,416-555-0024,2020-01-24
C0025,61.0,user25@example.com,81833.21177322761,Australia,416-555-0025,2020-01-25
C0026,47.0,user26@example.com,"$95,848.30",Australia,416-555-0026,2020-01-26
C0027,55.0,user27@example.com,41492.0756480219,UK,416-555-0027,2020-01-27
C0028,19.0,user28@example.com,52501.480429449424,Canada,416-555-0028,2020-01-28
C0029,77.0,user29@example.com,82248.96111095189,USA,416-555-0029,2020-01-29
C0030,38.0,user30@example.com,108040.49464887498,USA,416-555-0030,2020-01-30
C0031,50.0,user31@example.com,80568.00229293962,USA,416-555-0031,2020-01-31
C0032,29.0,user32@example.com,51473.71738113061,UK,416-555-0032,2020-02-01
C0033,75.0,user33@example.com,91186.03019102212,Australia,416-555-0033,2020-02-02
C0034,39.0,user34@example.com,96591.78844026371,Canada,416-555-0034,2020-02-03
C0035,78.0,user35@example.com,,UK,416-555-0035,2020-02-04
C0036,61.0,user36@example.com,63995.59975586654,Australia,416-555-0036,2020-02-05
C0037,42.0,user37@example.com,78089.47261775071,UK,416-555-0037,2020-02-06
C0038,66.0,user38@example.com,74690.507161477,Canada,416-555-0038,2020-02-07
C0039,44.0,user39@example.com,65065.62775972831,Australia,416-555-0039,2020-02-08
C0040,76.0,user40@example.com,56787.16570583798,UK,416-555-0040,2020-02-09
C0041,59.0,user41@example.com,38998.639844567704,Canada,416-555-0041,2020-02-10
C0042,45.0,user42@example.com,34813.6767072632,USA,416-555-0042,2020-02-11
C0043,77.0,user43@example.com,116268.73471948785,Canada,416-555-0043,2020-02-12
C0044,33.0,user44@example.com,106242.88296860308,USA,416-555-0044,2020-02-13
C0045,32.0,user45@example.com,61941.467141644855,UK,416-555-0045,2020-02-14
C0046,79.0,user46@example.com,116112.07966138107,Australia,416-555-0046,2020-02-15
C0047,79.0,user47@example.com,90909.2913981873,Australia,416-555-0047,2020-02-16
C0048,64.0,user48@example.com,73426.88546783783,UK,416-555-0048,2020-02-17
C0049,79.0,user49@example.com,74372.30919946244,Australia,416-555-0049,2020-02-18
C0050,68.0,user50@example.com,37495.597007573364,Australia,416-555-0050,2020-02-19
C0051,61.0,user51@example.com,"$38,253.37",USA,416-555-0051,2020-02-20
C0052,72.0,,84219.6833311007,UK,416-555-0052,2020-02-21
C0053,69.0,user53@example.com,79833.27471112207,Canada,416-555-0053,2020-02-22
C0054,74.0,user54@example.com,49145.51055218061,USA,416-555-0054,2020-02-23
C0055,20.0,user55@example.com,115157.50885935212,UK,416-555-0055,2020-02-24
C0056,54.0,user56@example.com,100316.64454240823,USA,416-555-0056,2020-02-25
C0057,68.0,user57@example.com,40211.81418157032,Canada,416-555-0057,2020-02-26
C0058,24.0,user58@example.com,113783.61951185633,Canada,416-555-0058,2020-02-27
C0059,38.0,user59@example.com,117682.33876809692,UK,416-555-0059,2020-02-28
C0060,26.0,user60@example.com,119633.81178272962,Canada,416-555-0060,2020-02-29
C0061,56.0,user61@example.com,35028.4039209615,USA,416-555-0061,2020-03-01
C0062,35.0,user62@example.com,96333.2001111908,Canada,416-555-0062,2020-03-02
C0063,21.0,user63@example.com,79132.419314849,USA,416-555-0063,2020-03-03
C0064,42.0,user64@example.com,93524.83354908251,USA,416-555-0064,2020-03-04
C0065,77.0,user65@example.com,117178.67495767213,Canada,416-555-0065,2020-03-05
C0066,31.0,user66@example.com,91922.70091575352,UK,416-555-0066,2020-03-06
C0067,67.0,user67@example.com,105326.74868136365,Australia,416-555-0067,2020-03-07
C0068,75.0,user68@example.com,108018.18347797572,Canada,416-555-0068,2020-03-08
C0069,26.0,user69@example.com,105463.26873875865,USA,416-555-0069,2020-03-09
C0070,43.0,user70@example.com,68348.23275422471,USA,416-555-0070,2020-03-10
C0071,70.0,user71@example.com,50031.87758139275,Canada,416-555-0071,2020-03-11
C0072,19.0,user72@example.com,,UK,416-555-0072,2020-03-12
C0073,37.0,user73@example.com,110270.72178990989,UK,416-555-0073,2020-03-13
C0074,45.0,user74@example.com,43194.43395228229,USA,416-555-0074,2020-03-14
C0075,64.0,user75@example.com,76199.35518231537,USA,416-555-0075,2020-03-15
C0076,77.0,user76@example.com,50990.5265182075,UK,416-555-0076,2020-03-16
C0077,24.0,user77@example.com,82317.48755041041,Australia,416-555-0077,2020-03-17
C0078,61.0,user78@example.com,107682.46697901035,Canada,416-555-0078,2020-03-18
C0079,78.0,user79@example.com,109232.39717745752,USA,416-555-0079,2020-03-19
C0080,25.0,user80@example.com,51301.66743138709,USA,416-555-0080,2020-03-20
C0081,64.0,user81@example.com,111692.43357136917,UK,416-555-0081,2020-03-21
C0082,52.0,user82@example.com,83269.98649391558,Canada,416-555-0082,2020-03-22
C0083,31.0,user83@example.com,61519.64220302822,UK,416-555-0083,2020-03-23
C0084,34.0,user84@example.com,93736.30760248798,Canada,416-555-0084,2020-03-24
C0085,53.0,user85@example.com,73350.02891677039,Canada,416-555-0085,2020-03-25
C0086,67.0,user86@example.com,64018.8831110029,Canada,416-555-0086,2020-03-26
C0087,57.0,user87@example.com,93457.59278669939,USA,416-555-0087,2020-03-27
C0088,21.0,user88@example.com,52385.173898725916,Australia,416-555-0088,2020-03-28
C0089,19.0,user89@example.com,59722.72761171887,UK,416-555-0089,2020-03-29
C0090,79.0,user90@example.com,69100.66600394441,Australia,416-555-0090,2020-03-30
C0091,23.0,user91@example.com,52831.39564858249,UK,416-555-0091,2020-03-31
C0092,71.0,user92@example.com,66468.18781032754,Canada,416-555-0092,2020-04-01
C0093,59.0,user93@example.com,81432.57226845095,USA,416-555-0093,2020-04-02
C0094,21.0,user94@example.com,96687.64748196014,Australia,416-555-0094,2020-04-03
C0095,71.0,user95@example.com,99047.53677977146,USA,416-555-0095,2020-04-04
C0096,46.0,,104051.13166890238,UK,416-555-0096,2020-04-05
C0097,35.0,user97@example.com,,USA,416-555-0097,2020-04-06
C0098,43.0,user98@example.com,91293.5484387218,USA,416-555-0098,2020-04-07
C0099,61.0,user99@example.com,51375.58241632229,Australia,416-555-0099,2020-04-08
C0100,51.0,user100@example.com,66020.06035848224,Canada,416-555-0100,2020-04-09
C0101,27.0,user101@example.com,72994.34017922048,USA,416-555-0101,2020-04-10
C0102,79.0,user102@example.com,37460.21895240188,Canada,416-555-0102,2020-04-11
C0103,53.0,user103@example.com,77553.31091674883,UK,416-555-0103,2020-04-12
C0104,31.0,user104@example.com,69270.22484459003,USA,416-555-0104,2020-04-13
C0105,48.0,user105@example.com,102189.83241240607,Australia,416-555-0105,2020-04-14
C0106,65.0,user106@example.com,118011.06018788437,UK,416-555-0106,2020-04-15
C0107,32.0,user107@example.com,80040.4534778326,UK,416-555-0107,2020-04-16
C0108,25.0,user108@example.com,59041.774944982535,Australia,416-555-0108,2020-04-17
C0109,31.0,user109@example.com,33906.07049683555,USA,416-555-0109,2020-04-18
C0110,40.0,user110@example.com,113217.89972012363,USA,416-555-0110,2020-04-19
C0111,77.0,user111@example.com,112720.41437507934,UK,416-555-0111,2020-04-20
C0112,74.0,user112@example.com,52769.1151190317,USA,416-555-0112,2020-04-21
C0113,79.0,user113@example.com,92587.00107959828,Canada,416-555-0113,2020-04-22
C0114,57.0,user114@example.com,36789.10923807923,Australia,416-555-0114,2020-04-23
C0115,38.0,user115@example.com,44959.388871832765,Canada,416-555-0115,2020-04-24
C0116,33.0,user116@example.com,49512.81959278421,USA,416-555-0116,2020-04-25
C0117,62.0,user117@example.com,56504.45521554869,UK,416-555-0117,2020-04-26
C0118,35.0,user118@example.com,119624.82375264337,Australia,416-555-0118,2020-04-27
C0119,64.0,user119@example.com,92723.25502774333,USA,416-555-0119,2020-04-28
C0120,70.0,user120@example.com,64578.164824129795,USA,416-555-0120,2020-04-29
C0121,41.0,user121@example.com,96339.06352587174,UK,416-555-0121,2020-04-30
C0122,43.0,user122@example.com,112372.89075021957,UK,416-555-0122,2020-05-01
C0123,,user123@example.com,116283.21666670615,Canada,416-555-0123,2020-05-02
C0124,77.0,user124@example.com,35207.750798193665,Australia,416-555-0124,2020-05-03
C0125,77.0,user125@example.com,"$65,506.96",Australia,416-555-0125,2020-05-04
C0126,77.0,user126@example.com,39608.045934229594,UK,416-555-0126,2020-05-05
C0127,62.0,user127@example.com,60209.40583172669,Canada,416-555-0127,2020-05-06
C0128,58.0,user128@example.com,45271.1913506009,Australia,416-555-0128,2020-05-07
C0129,46.0,user129@example.com,88216.35255018514,UK,416-555-0129,2020-05-08
C0130,32.0,user130@example.com,64944.15455908849,USA,416-555-0130,2020-05-09
C0131,62.0,user131@example.com,50645.52711344547,Australia,416-555-0131,2020-05-10
C0132,18.0,user132@example.com,53934.41324678151,Canada,416-555-0132,2020-05-11
C0133,42.0,user133@example.com,62431.05856847414,Canada,416-555-0133,2020-05-12
C0134,24.0,user134@example.com,53395.48765688364,Canada,416-555-0134,2020-05-13
C0135,26.0,,70791.6762145948,USA,416-555-0135,2020-05-14
C0136,41.0,user136@example.com,32908.43559986854,Australia,416-555-0136,2020-05-15
C0137,18.0,user137@example.com,55178.71564520511,Australia,416-555-0137,2020-05-16
C0138,61.0,user138@example.com,67008.60487849676,USA,416-555-0138,2020-05-17
C0139,25.0,user139@example.com,84250.36938209686,Australia,416-555-0139,2020-05-18
C0140,41.0,user140@example.com,54386.18782636169,USA,416-555-0140,2020-05-19
C0141,28.0,user141@example.com,41986.66127013747,USA,416-555-0141,2020-05-20
C0142,68.0,user142@example.com,36858.03416392468,USA,416-555-0142,2020-05-21
C0143,34.0,user143@example.com,114647.86444218451,Canada,416-555-0143,2020-05-22
C0144,25.0,user144@example.com,67497.51519646312,Australia,416-555-0144,2020-05-23
C0145,52.0,,82304.63590627437,USA,416-555-0145,2020-05-24
C0146,52.0,user146@example.com,112725.88966520036,Australia,416-555-0146,2020-05-25
C0147,50.0,user147@example.com,37447.357803177554,Canada,416-555-0147,2020-05-26
C0148,76.0,user148@example.com,108899.53373332134,USA,416-555-0148,2020-05-27
C0149,22.0,user149@example.com,79642.9085289663,UK,416-555-0149,2020-05-28
C0150,59.0,user150@example.com,44835.08350233009,Canada,416-555-0150,2020-05-29
C0151,56.0,user151@example.com,67012.96049268323,UK,416-555-0151,2020-05-30
C0152,75.0,user152@example.com,99984.2055361703,Australia,416-555-0152,2020-05-31
C0153,58.0,user153@example.com,73233.30736797192,Australia,416-555-0153,2020-06-01
C0154,45.0,user154@example.com,118675.7445598954,Canada,416-555-0154,2020-06-02
C0155,24.0,user155@example.com,63906.50729441467,Australia,416-555-0155,2020-06-03
C0156,26.0,user156@example.com,97462.04699784648,UK,416-555-0156,2020-06-04
C0157,25.0,user157@example.com,65369.05040809732,USA,416-555-0157,2020-06-05
C0158,29.0,user158@example.com,104624.7798635863,USA,416-555-0158,2020-06-06
C0159,51.0,user159@example.com,81217.33222491728,USA,416-555-0159,2020-06-07
C0160,50.0,user160@example.com,35716.06466310012,Canada,416-555-0160,2020-06-08
C0161,65.0,user161@example.com,33313.96808723923,Australia,416-555-0161,2020-06-09
C0162,72.0,user162@example.com,42046.69069205699,UK,416-555-0162,2020-06-10
C0163,40.0,user163@example.com,31230.476834429755,Australia,416-555-0163,2020-06-11
C0164,79.0,user164@example.com,36782.31543172161,Australia,416-555-0164,2020-06-12
C0165,,user165@example.com,92254.29574520208,Australia,416-555-0165,2020-06-13
C0166,54.0,user166@example.com,78091.16475265168,USA,416-555-0166,2020-06-14
C0167,52.0,user167@example.com,,UK,416-555-0167,2020-06-15
C0168,,user168@example.com,,UK,416-555-0168,2020-06-16
C0169,57.0,,82663.45790929248,Australia,416-555-0169,2020-06-17
C0170,39.0,user170@example.com,95350.87596646632,USA,416-555-0170,2020-06-18
C0171,44.0,user171@example.com,98137.30818382103,USA,416-555-0171,2020-06-19
C0172,52.0,user172@example.com,64006.54943482078,UK,416-555-0172,2020-06-20
C0173,18.0,user173@example.com,51697.63490966687,USA,416-555-0173,2020-06-21
C0174,52.0,user174@example.com,48454.07956558724,USA,416-555-0174,2020-06-22
C0175,54.0,user175@example.com,52629.81955606186,USA,416-555-0175,2020-06-23
C0176,,user176@example.com,54725.86173233179,Canada,416-555-0176,2020-06-24
C0177,31.0,user177@example.com,48650.488410725084,Australia,416-555-0177,2020-06-25
C0178,20.0,user178@example.com,109039.8600731273,UK,416-555-0178,2020-06-26
C0179,18.0,user179@example.com,98129.92189550058,UK,416-555-0179,2020-06-27
C0180,22.0,user180@example.com,,Canada,416-555-0180,2020-06-28
C0181,43.0,user181@example.com,54180.523382277664,Australia,416-555-0181,2020-06-29
C0182,72.0,user182@example.com,31996.626782727148,UK,416-555-0182,2020-06-30
C0183,31.0,user183@example.com,74834.86679813036,USA,416-555-0183,2020-07-01
C0184,56.0,user184@example.com,72858.96271101128,UK,416-555-0184,2020-07-02
C0185,44.0,user185@example.com,,USA,416-555-0185,2020-07-03
C0186,,user186@example.com,57699.951579394445,Canada,416-555-0186,2020-07-04
C0187,32.0,user187@example.com,103474.7161691756,USA,416-555-0187,2020-07-05
C0188,32.0,user188@example.com,117117.63888958408,UK,416-555-0188,2020-07-06
C0189,43.0,user189@example.com,,UK,416-555-0189,2020-07-07
C0190,59.0,user190@example.com,101263.60555226696,UK,416-555-0190,2020-07-08
C0191,77.0,user191@example.com,83096.03074238724,Canada,416-555-0191,2020-07-09
C0192,30.0,user192@example.com,73204.13703166276,Canada,416-555-0192,2020-07-10
C0193,68.0,user193@example.com,67848.22007985675,Australia,416-555-0193,2020-07-11
C0194,49.0,user194@example.com,100620.14375498786,UK,416-555-0194,2020-07-12
C0195,56.0,user195@example.com,87542.52212768182,USA,416-555-0195,2020-07-13
C0196,66.0,user196@example.com,102454.02007674257,Canada,416-555-0196,2020-07-14
C0197,69.0,user197@example.com,111283.59528089636,UK,416-555-0197,2020-07-15
C0198,78.0,user198@example.com,85553.73408875629,UK,416-555-0198,2020-07-16
C0199,49.0,user199@example.com,118241.645258314,Canada,416-555-0199,2020-07-17
C0200,21.0,user200@example.com,,Australia,416-555-0200,2020-07-18
C0201,47.0,user201@example.com,87297.98894600544,Canada,416-555-0201,2020-07-19
C0202,54.0,user202@example.com,79933.4047688003,Canada,416-555-0202,2020-07-20
C0203,40.0,user203@example.com,38190.188194619725,USA,416-555-0203,2020-07-21
C0204,56.0,user204@example.com,95375.73293852055,USA,416-555-0204,2020-07-22
C0205,62.0,user205@example.com,79270.16762092004,Australia,416-555-0205,2020-07-23
C0206,32.0,user206@example.com,70581.94026744939,UK,416-555-0206,2020-07-24
C0207,60.0,user207@example.com,111942.41505629457,Canada,416-555-0207,2020-07-25
C0208,46.0,user208@example.com,56816.35063877554,Australia,416-555-0208,2020-07-26
C0209,53.0,user209@example.com,77124.204841351,USA,416-555-0209,2020-07-27
C0210,30.0,user210@example.com,92787.7684344117,Canada,416-555-0210,2020-07-28
C0211,49.0,user211@example.com,101682.45981064896,UK,416-555-0211,2020-07-29
C0212,24.0,user212@example.com,71341.21271515552,USA,416-555-0212,2020-07-30
C0213,76.0,user213@example.com,105788.22735168388,USA,416-555-0213,2020-07-31
C0214,68.0,user214@example.com,99202.59671838577,USA,416-555-0214,2020-08-01
C0215,39.0,user215@example.com,35961.238006667925,Australia,416-555-0215,2020-08-02
C0216,45.0,user216@example.com,34127.513976416965,UK,416-555-0216,2020-08-03
C0217,19.0,user217@example.com,"$85,872.51",Canada,416-555-0217,2020-08-04
C0218,59.0,user218@example.com,61267.20674028728,Australia,416-555-0218,2020-08-05
C0219,62.0,user219@example.com,48821.77119706628,Australia,416-555-0219,2020-08-06
C0220,79.0,user220@example.com,,Australia,416-555-0220,2020-08-07
C0221,74.0,user221@example.com,60740.68894108906,USA,416-555-0221,2020-08-08
C0222,70.0,user222@example.com,78353.7075042663,UK,416-555-0222,2020-08-09
C0223,23.0,user223@example.com,"$71,410.72",Australia,416-555-0223,2020-08-10
C0224,45.0,user224@example.com,82628.94953542383,Canada,416-555-0224,2020-08-11
C0225,45.0,user225@example.com,66027.04400192533,UK,416-555-0225,2020-08-12
C0226,61.0,user226@example.com,92790.08163272386,Canada,416-555-0226,2020-08-13
C0227,61.0,user227@example.com,46206.05451143687,UK,416-555-0227,2020-08-14
C0228,37.0,user228@example.com,92685.13196043711,Canada,416-555-0228,2020-08-15
C0229,47.0,user229@example.com,67049.50929217754,USA,416-555-0229,2020-08-16
C0230,79.0,user230@example.com,108688.58443689754,Australia,416-555-0230,2020-08-17
C0231,28.0,user231@example.com,76371.24493777897,Canada,416-555-0231,2020-08-18
C0232,75.0,user232@example.com,117579.93143430939,UK,416-555-0232,2020-08-19
C0233,72.0,user233@example.com,84174.18559868642,Australia,416-555-0233,2020-08-20
C0234,45.0,user234@example.com,50146.41593156885,Australia,416-555-0234,2020-08-21
C0235,42.0,user235@example.com,103961.15731600043,UK,416-555-0235,2020-08-22
C0236,56.0,user236@example.com,61057.43650401481,Canada,416-555-0236,2020-08-23
C0237,79.0,user237@example.com,61285.72930344152,USA,416-555-0237,2020-08-24
C0238,50.0,user238@example.com,32862.42133366486,USA,416-555-0238,2020-08-25
C0239,18.0,user239@example.com,79384.37782866678,Canada,416-555-0239,2020-08-26
C0240,74.0,,78098.11533592707,Australia,416-555-0240,2020-08-27
C0241,44.0,user241@example.com,62039.23358447875,Australia,416-555-0241,2020-08-28
C0242,79.0,user242@example.com,110479.55366063332,Australia,416-555-0242,2020-08-29
C0243,74.0,user243@example.com,,Australia,416-555-0243,2020-08-30
C0244,69.0,user244@example.com,59708.95619791398,Canada,416-555-0244,2020-08-31
C0245,30.0,user245@example.com,58942.448821202604,Australia,416-555-0245,2020-09-01
C0246,58.0,user246@example.com,38306.152760587145,UK,416-555-0246,2020-09-02
C0247,20.0,user247@example.com,73303.0854650664,Australia,416-555-0247,2020-09-03
C0248,56.0,user248@example.com,91900.62453864748,USA,416-555-0248,2020-09-04
C0249,23.0,user249@example.com,76049.13121925351,Australia,416-555-0249,2020-09-05
C0250,25.0,user250@example.com,44127.99144445744,Canada,416-555-0250,2020-09-06
C0251,44.0,user251@example.com,63955.73687178653,USA,416-555-0251,2020-09-07
C0252,26.0,user252@example.com,30233.55219452819,Canada,416-555-0252,2020-09-08
C0253,79.0,user253@example.com,108147.09963320282,Canada,416-555-0253,2020-09-09
C0254,54.0,user254@example.com,37606.530691261374,USA,416-555-0254,2020-09-10
C0255,50.0,user255@example.com,83755.02740298875,Canada,416-555-0255,2020-09-11
C0256,68.0,user256@example.com,118763.12962801337,Canada,416-555-0256,2020-09-12
C0257,59.0,user257@example.com,78293.15813885993,Australia,416-555-0257,2020-09-13
C0258,61.0,user258@example.com,113163.75831966898,UK,416-555-0258,2020-09-14
C0259,41.0,user259@example.com,51250.48798056639,Canada,416-555-0259,2020-09-15
C0260,32.0,user260@example.com,98395.9868043827,Canada,416-555-0260,2020-09-16
C0261,76.0,user261@example.com,77813.91785761807,Canada,416-555-0261,2020-09-17
C0262,71.0,user262@example.com,94846.44552523183,Australia,416-555-0262,2020-09-18
C0263,49.0,user263@example.com,35610.72262601173,UK,416-555-0263,2020-09-19
C0264,49.0,user264@example.com,43296.5182715604,USA,416-555-0264,2020-09-20
C0265,41.0,user265@example.com,41980.52357287304,Australia,416-555-0265,2020-09-21
C0266,58.0,user266@example.com,91844.89548629979,Australia,416-555-0266,2020-09-22
C0267,69.0,user267@example.com,105999.66053702659,UK,416-555-0267,2020-09-23
C0268,66.0,user268@example.com,97465.46088077287,UK,416-555-0268,2020-09-24
C0269,79.0,user269@example.com,32742.493746023476,Australia,416-555-0269,2020-09-25
C0270,66.0,user270@example.com,108049.34829672509,USA,416-555-0270,2020-09-26
C0271,75.0,user271@example.com,,Australia,416-555-0271,2020-09-27
C0272,69.0,user272@example.com,65744.74492536743,UK,416-555-0272,2020-09-28
C0273,29.0,user273@example.com,39438.224987923284,USA,416-555-0273,2020-09-29
C0274,79.0,user274@example.com,96366.46854844372,UK,416-555-0274,2020-09-30
C0275,56.0,user275@example.com,46405.549062836224,USA,416-555-0275,2020-10-01
C0276,19.0,user276@example.com,80756.85828169528,Canada,416-555-0276,2020-10-02
C0277,20.0,user277@example.com,105663.8987290138,UK,416-555-0277,2020-10-03
C0278,66.0,user278@example.com,38028.38958408506,UK,416-555-0278,2020-10-04
C0279,54.0,user279@example.com,,Australia,416-555-0279,2020-10-05
C0280,66.0,user280@example.com,50989.47703948211,UK,416-555-0280,2020-10-06
C0281,73.0,user281@example.com,60863.41778504342,UK,416-555-0281,2020-10-07
C0282,34.0,user282@example.com,72657.29472875004,Canada,416-555-0282,2020-10-08
C0283,76.0,user283@example.com,61959.38729513743,UK,416-555-0283,2020-10-09
C0284,66.0,user284@example.com,88394.05562624184,Canada,416-555-0284,2020-10-10
C0285,19.0,user285@example.com,73162.38915788251,Canada,416-555-0285,2020-10-11
C0286,19.0,user286@example.com,82577.95362427524,Canada,416-555-0286,2020-10-12
C0287,45.0,user287@example.com,96314.02278554215,Canada,416-555-0287,2020-10-13
C0288,71.0,user288@example.com,80196.80393553937,USA,416-555-0288,2020-10-14
C0289,40.0,user289@example.com,82788.18911946833,Australia,416-555-0289,2020-10-15
C0290,54.0,user290@example.com,80801.26882703771,USA,416-555-0290,2020-10-16
C0291,49.0,user291@example.com,64089.536335616045,UK,416-555-0291,2020-10-17
C0292,50.0,user292@example.com,60370.21504847263,USA,416-555-0292,2020-10-18
C0293,18.0,user293@example.com,110968.2657430511,USA,416-555-0293,2020-10-19
C0294,36.0,user294@example.com,84679.97000642156,UK,416-555-0294,2020-10-20
C0295,79.0,user295@example.com,51991.783991818906,UK,416-555-0295,2020-10-21
C0296,19.0,user296@example.com,74842.29280640461,UK,416-555-0296,2020-10-22
C0297,70.0,user297@example.com,59731.36331528226,USA,416-555-0297,2020-10-23
C0298,61.0,user298@example.com,114032.26413838871,USA,416-555-0298,2020-10-24
C0299,43.0,user299@example.com,30678.092682066726,UK,416-555-0299,2020-10-25
C0300,49.0,user300@example.com,50279.95179412754,Australia,416-555-0300,2020-10-26
C0301,23.0,user301@example.com,62882.113770665186,Australia,416-555-0301,2020-10-27
C0302,49.0,user302@example.com,73902.88207278642,Canada,416-555-0302,2020-10-28
C0303,72.0,user303@example.com,106573.57660525315,UK,416-555-0303,2020-10-29
C0304,21.0,user304@example.com,37909.88620861295,Canada,416-555-0304,2020-10-30
C0305,72.0,user305@example.com,,Australia,416-555-0305,2020-10-31
C0306,28.0,user306@example.com,,Canada,416-555-0306,2020-11-01
C0307,73.0,user307@example.com,105808.26317683635,UK,416-555-0307,2020-11-02
C0308,76.0,user308@example.com,34647.193008706156,UK,416-555-0308,2020-11-03
C0309,34.0,user309@example.com,31641.823328552495,UK,416-555-0309,2020-11-04
C0310,55.0,user310@example.com,92726.53161297794,USA,416-555-0310,2020-11-05
C0311,41.0,user311@example.com,119752.99812915549,Canada,416-555-0311,2020-11-06
C0312,22.0,,110694.92366766187,Australia,416-555-0312,2020-11-07
C0313,69.0,user313@example.com,81839.85760250941,Australia,416-555-0313,2020-11-08
C0314,51.0,user314@example.com,,Australia,416-555-0314,2020-11-09
C0315,23.0,user315@example.com,30477.00057578449,USA,416-555-0315,2020-11-10
C0316,39.0,user316@example.com,117756.04466506283,USA,416-555-0316,2020-11-11
C0317,28.0,user317@example.com,74167.39013329061,UK,416-555-0317,2020-11-12
C0318,65.0,user318@example.com,95060.64869595981,Australia,416-555-0318,2020-11-13
C0319,33.0,user319@example.com,103877.53258380173,USA,416-555-0319,2020-11-14
C0320,50.0,user320@example.com,94661.15437528983,UK,416-555-0320,2020-11-15
C0321,26.0,user321@example.com,78153.30588404194,Australia,416-555-0321,2020-11-16
C0322,77.0,user322@example.com,72895.75357137708,Canada,416-555-0322,2020-11-17
C0323,76.0,user323@example.com,105472.43028323623,UK,416-555-0323,2020-11-18
C0324,23.0,user324@example.com,48456.98041345132,USA,416-555-0324,2020-11-19
C0325,33.0,user325@example.com,117119.46598538109,USA,416-555-0325,2020-11-20
C0326,46.0,,93985.72309530734,UK,416-555-0326,2020-11-21
C0327,20.0,user327@example.com,47955.62346044878,UK,416-555-0327,2020-11-22
C0328,37.0,user328@example.com,"$96,262.25",USA,416-555-0328,2020-11-23
C0329,77.0,user329@example.com,77685.6020863005,Canada,416-555-0329,2020-11-24
C0330,76.0,user330@example.com,93650.70860800002,Australia,416-555-0330,2020-11-25
C0331,53.0,user331@example.com,99100.1551298555,Canada,416-555-0331,2020-11-26
C0332,36.0,user332@example.com,,UK,416-555-0332,2020-11-27
C0333,43.0,user333@example.com,75549.35607234124,Canada,416-555-0333,2020-11-28
C0334,20.0,user334@example.com,113881.29080312407,USA,416-555-0334,2020-11-29
C0335,36.0,user335@example.com,58857.797294356285,UK,416-555-0335,2020-11-30
C0336,37.0,user336@example.com,83449.47878021089,Australia,416-555-0336,2020-12-01
C0337,49.0,user337@example.com,63230.74333589065,USA,416-555-0337,2020-12-02
C0338,24.0,user338@example.com,70884.11749971897,USA,416-555-0338,2020-12-03
C0339,69.0,user339@example.com,79374.28061443378,Australia,416-555-0339,2020-12-04
C0340,58.0,user340@example.com,79402.97819000795,Australia,416-555-0340,2020-12-05
C0341,50.0,user341@example.com,,Canada,416-555-0341,2020-12-06
C0342,57.0,user342@example.com,,UK,416-555-0342,2020-12-07
C0343,56.0,user343@example.com,37908.130011839115,Australia,416-555-0343,2020-12-08
C0344,35.0,user344@example.com,42494.22960978183,Australia,416-555-0344,2020-12-09
C0345,57.0,user345@example.com,30243.98094728967,UK,416-555-0345,2020-12-10
C0346,18.0,user346@example.com,40502.64577275132,Australia,416-555-0346,2020-12-11
C0347,28.0,user347@example.com,72584.95809467029,Australia,416-555-0347,2020-12-12
C0348,45.0,user348@example.com,84549.16929502547,Canada,416-555-0348,2020-12-13
C0349,74.0,user349@example.com,101486.05049698162,USA,416-555-0349,2020-12-14
C0350,42.0,user350@example.com,39602.93251020925,USA,416-555-0350,2020-12-15
C0351,67.0,user351@example.com,106565.47140148093,USA,416-555-0351,2020-12-16
C0352,40.0,user352@example.com,97137.70729938464,USA,416-555-0352,2020-12-17
C0353,48.0,user353@example.com,66766.64636423253,Australia,416-555-0353,2020-12-18
C0354,47.0,user354@example.com,113964.42603899592,UK,416-555-0354,2020-12-19
C0355,59.0,user355@example.com,"$119,183.65",UK,416-555-0355,2020-12-20
C0356,52.0,user356@example.com,48450.16290479135,Canada,416-555-0356,2020-12-21
C0357,24.0,user357@example.com,64130.57264674204,Canada,416-555-0357,2020-12-22
C0358,77.0,user358@example.com,113380.448123074,Australia,416-555-0358,2020-12-23
C0359,33.0,user359@example.com,94943.68956761494,UK,416-555-0359,2020-12-24
C0360,43.0,user360@example.com,"$34,328.52",UK,416-555-0360,2020-12-25
C0361,65.0,user361@example.com,100336.30335762734,USA,416-555-0361,2020-12-26
C0362,74.0,user362@example.com,104514.67984597427,Australia,416-555-0362,2020-12-27
C0363,69.0,user363@example.com,97545.17322887822,Australia,416-555-0363,2020-12-28
C0364,77.0,user364@example.com,101958.34178275641,USA,416-555-0364,2020-12-29
C0365,66.0,user365@example.com,104261.94090235175,Australia,416-555-0365,2020-12-30
C0366,19.0,user366@example.com,46776.44881093297,Australia,416-555-0366,2020-12-31
C0367,18.0,user367@example.com,51212.25714584997,Canada,416-555-0367,2021-01-01
C0368,65.0,user368@example.com,87038.27073481595,UK,416-555-0368,2021-01-02
C0369,79.0,user369@example.com,111707.95174162644,Australia,416-555-0369,2021-01-03
C0370,29.0,user370@example.com,58457.69240668452,Canada,416-555-0370,2021-01-04
C0371,22.0,user371@example.com,82947.6008215551,UK,416-555-0371,2021-01-05
C0372,54.0,user372@example.com,91468.38570754192,USA,416-555-0372,2021-01-06
C0373,49.0,user373@example.com,,Canada,416-555-0373,2021-01-07
C0374,76.0,user374@example.com,94240.42093697934,Canada,416-555-0374,2021-01-08
C0375,72.0,user375@example.com,110970.07007629558,UK,416-555-0375,2021-01-09
C0376,26.0,user376@example.com,86169.13897636539,USA,416-555-0376,2021-01-10
C0377,58.0,user377@example.com,78580.29557231697,Canada,416-555-0377,2021-01-11
C0378,52.0,user378@example.com,69487.02078495052,Australia,416-555-0378,2021-01-12
C0379,36.0,user379@example.com,81973.76438155131,Australia,416-555-0379,2021-01-13
C0380,65.0,user380@example.com,61982.62066365563,Australia,416-555-0380,2021-01-14
C0381,33.0,user381@example.com,65233.38991813517,USA,416-555-0381,2021-01-15
C0382,20.0,user382@example.com,77867.17317193566,Canada,416-555-0382,2021-01-16
C0383,37.0,user383@example.com,"$35,995.72",Australia,416-555-0383,2021-01-17
C0384,41.0,user384@example.com,50612.28518323167,USA,416-555-0384,2021-01-18
C0385,71.0,user385@example.com,78856.4379552068,Australia,416-555-0385,2021-01-19
C0386,73.0,user386@example.com,68837.53288227983,UK,416-555-0386,2021-01-20
C0387,50.0,user387@example.com,59953.42073212359,Canada,416-555-0387,2021-01-21
C0388,41.0,user388@example.com,95749.42231283712,Canada,416-555-0388,2021-01-22
C0389,69.0,user389@example.com,92434.58466630045,USA,416-555-0389,2021-01-23
C0390,28.0,user390@example.com,45005.768399404486,USA,416-555-0390,2021-01-24
C0391,66.0,user391@example.com,109076.62038360944,Canada,416-555-0391,2021-01-25
C0392,25.0,user392@example.com,74588.1263763569,Australia,416-555-0392,2021-01-26
C0393,53.0,user393@example.com,96731.4820025141,Australia,416-555-0393,2021-01-27
C0394,55.0,user394@example.com,81583.57643316498,UK,416-555-0394,2021-01-28
C0395,57.0,user395@example.com,119792.3354331459,Australia,416-555-0395,2021-01-29
C0396,37.0,user396@example.com,97716.28080349404,USA,416-555-0396,2021-01-30
C0397,79.0,user397@example.com,93628.24151191131,USA,416-555-0397,2021-01-31
C0398,52.0,user398@example.com,"$100,071.47",Australia,416-555-0398,2021-02-01
C0399,65.0,user399@example.com,42881.51869936226,USA,416-555-0399,2021-02-02
C0400,79.0,user400@example.com,,Canada,416-555-0400,2021-02-03
C0401,42.0,user401@example.com,94265.76740012527,Canada,416-555-0401,2021-02-04
C0402,52.0,user402@example.com,74458.33384177764,Australia,416-555-0402,2021-02-05
C0403,42.0,user403@example.com,97917.1762674105,Canada,416-555-0403,2021-02-06
C0404,46.0,user404@example.com,39262.44276697305,Canada,416-555-0404,2021-02-07
C0405,35.0,user405@example.com,78283.32163361352,UK,416-555-0405,2021-02-08
C0406,63.0,user406@example.com,"$64,093.94",UK,416-555-0406,2021-02-09
C0407,35.0,user407@example.com,71130.01973535106,Canada,416-555-0407,2021-02-10
C0408,19.0,user408@example.com,84356.20848652613,Australia,416-555-0408,2021-02-11
C0409,71.0,user409@example.com,75205.95127162771,UK,416-555-0409,2021-02-12
C0410,52.0,user410@example.com,78587.4573401553,USA,416-555-0410,2021-02-13
C0411,33.0,user411@example.com,73772.1733796047,USA,416-555-0411,2021-02-14
C0412,78.0,user412@example.com,66805.96593769439,USA,416-555-0412,2021-02-15
C0413,58.0,user413@example.com,99469.37825384206,Australia,416-555-0413,2021-02-16
C0414,53.0,user414@example.com,31098.276508624007,Canada,416-555-0414,2021-02-17
C0415,50.0,user415@example.com,83859.84310847044,USA,416-555-0415,2021-02-18
C0416,21.0,user416@example.com,80895.75125906765,Australia,416-555-0416,2021-02-19
C0417,50.0,user417@example.com,94456.1167259657,UK,416-555-0417,2021-02-20
C0418,31.0,user418@example.com,83912.64282995938,Canada,416-555-0418,2021-02-21
C0419,38.0,user419@example.com,104411.89450281704,UK,416-555-0419,2021-02-22
C0420,65.0,user420@example.com,116316.7315107625,Australia,416-555-0420,2021-02-23
C0421,37.0,user421@example.com,60827.183146068906,USA,416-555-0421,2021-02-24
C0422,73.0,user422@example.com,50461.58847269883,USA,416-555-0422,2021-02-25
C0423,25.0,user423@example.com,68123.71761784346,Australia,416-555-0423,2021-02-26
C0424,24.0,user424@example.com,55913.665482815355,USA,416-555-0424,2021-02-27
C0425,20.0,user425@example.com,85345.5236837389,Canada,416-555-0425,2021-02-28
C0426,34.0,user426@example.com,112066.71679586683,Australia,416-555-0426,2021-03-01
C0427,50.0,user427@example.com,42520.45747287557,UK,416-555-0427,2021-03-02
C0428,65.0,user428@example.com,39071.51427142978,Australia,416-555-0428,2021-03-03
C0429,29.0,user429@example.com,53041.397866829604,Canada,416-555-0429,2021-03-04
C0430,76.0,user430@example.com,95348.60274561607,Canada,416-555-0430,2021-03-05
C0431,68.0,user431@example.com,83366.66147329393,Australia,416-555-0431,2021-03-06
C0432,39.0,user432@example.com,39199.139780267964,Australia,416-555-0432,2021-03-07
C0433,72.0,user433@example.com,112687.54700346719,USA,416-555-0433,2021-03-08
C0434,39.0,user434@example.com,101107.6173411678,Canada,416-555-0434,2021-03-09
C0435,63.0,user435@example.com,32072.034430887375,Australia,416-555-0435,2021-03-10
C0436,47.0,user436@example.com,88623.04898894214,Australia,416-555-0436,2021-03-11
C0437,55.0,user437@example.com,99412.20016677643,Canada,416-555-0437,2021-03-12
C0438,55.0,user438@example.com,,Australia,416-555-0438,2021-03-13
C0439,62.0,user439@example.com,36202.93854304969,USA,416-555-0439,2021-03-14
C0440,68.0,user440@example.com,36958.895893990855,Canada,416-555-0440,2021-03-15
C0441,71.0,user441@example.com,39382.226944662856,USA,416-555-0441,2021-03-16
C0442,25.0,user442@example.com,105639.56687823807,USA,416-555-0442,2021-03-17
C0443,44.0,user443@example.com,111961.75784301417,USA,416-555-0443,2021-03-18
C0444,44.0,user444@example.com,41052.970366116046,USA,416-555-0444,2021-03-19
C0445,51.0,user445@example.com,,Canada,416-555-0445,2021-03-20
C0446,38.0,user446@example.com,44896.84593305608,USA,416-555-0446,2021-03-21
C0447,47.0,user447@example.com,46768.879154470866,USA,416-555-0447,2021-03-22
C0448,,user448@example.com,105374.17101022428,Australia,416-555-0448,2021-03-23
C0449,45.0,user449@example.com,59893.177138944506,Canada,416-555-0449,2021-03-24
C0450,64.0,user450@example.com,58029.9837641077,Canada,416-555-0450,2021-03-25
C0451,50.0,user451@example.com,50465.605878940136,UK,416-555-0451,2021-03-26
C0452,22.0,user452@example.com,84710.49544148328,Canada,416-555-0452,2021-03-27
C0453,77.0,user453@example.com,,Canada,416-555-0453,2021-03-28
C0454,78.0,user454@example.com,96982.468665896,UK,416-555-0454,2021-03-29
C0455,65.0,user455@example.com,48502.18275380737,Canada,416-555-0455,2021-03-30
C0456,36.0,user456@example.com,100901.08998430432,Canada,416-555-0456,2021-03-31
C0457,21.0,user457@example.com,84334.93785571252,Canada,416-555-0457,2021-04-01
C0458,52.0,user458@example.com,,Canada,416-555-0458,2021-04-02
C0459,66.0,user459@example.com,67305.41257832649,UK,416-555-0459,2021-04-03
C0460,34.0,user460@example.com,107716.63265516612,Canada,416-555-0460,2021-04-04
C0461,61.0,user461@example.com,113066.42086186363,Canada,416-555-0461,2021-04-05
C0462,45.0,,71913.0110086932,UK,416-555-0462,2021-04-06
C0463,47.0,user463@example.com,73275.32802801662,Australia,416-555-0463,2021-04-07
C0464,46.0,user464@example.com,,USA,416-555-0464,2021-04-08
C0465,63.0,user465@example.com,82836.14017229105,Australia,416-555-0465,2021-04-09
C0466,70.0,user466@example.com,32956.20032190945,UK,416-555-0466,2021-04-10
C0467,23.0,user467@example.com,112147.4516591216,USA,416-555-0467,2021-04-11
C0468,52.0,user468@example.com,52340.37984814367,UK,416-555-0468,2021-04-12
C0469,77.0,user469@example.com,81986.87586823925,UK,416-555-0469,2021-04-13
C0470,58.0,user470@example.com,44896.19856851765,Canada,416-555-0470,2021-04-14
C0471,54.0,user471@example.com,33049.12442219355,USA,416-555-0471,2021-04-15
C0472,41.0,user472@example.com,58032.58540194816,Canada,416-555-0472,2021-04-16
C0473,46.0,user473@example.com,100244.6136791479,USA,416-555-0473,2021-04-17
C0474,66.0,user474@example.com,54982.84553664763,UK,416-555-0474,2021-04-18
C0475,63.0,user475@example.com,49808.749267298736,UK,416-555-0475,2021-04-19
C0476,70.0,user476@example.com,49141.27059071037,Australia,416-555-0476,2021-04-20
C0477,48.0,user477@example.com,76365.63141661313,USA,416-555-0477,2021-04-21
C0478,52.0,user478@example.com,117798.71841144806,Canada,416-555-0478,2021-04-22
C0479,77.0,user479@example.com,71309.00892153117,Australia,416-555-0479,2021-04-23
C0480,50.0,user480@example.com,80157.48320010431,Australia,416-555-0480,2021-04-24
C0481,69.0,user481@example.com,,Australia,416-555-0481,2021-04-25
C0482,78.0,user482@example.com,78156.27470402927,Canada,416-555-0482,2021-04-26
C0483,38.0,user483@example.com,46601.65842769705,Australia,416-555-0483,2021-04-27
C0484,49.0,user484@example.com,56963.632058982934,Canada,416-555-0484,2021-04-28
C0485,40.0,user485@example.com,57894.32336417498,Australia,416-555-0485,2021-04-29
C0486,50.0,user486@example.com,65758.6303911838,Canada,416-555-0486,2021-04-30
C0487,20.0,user487@example.com,68411.00148030744,UK,416-555-0487,2021-05-01
C0488,35.0,user488@example.com,101980.38198668425,UK,416-555-0488,2021-05-02
C0489,42.0,user489@example.com,61444.82991443997,UK,416-555-0489,2021-05-03
C0490,59.0,user490@example.com,72140.86455972414,UK,416-555-0490,2021-05-04
C0491,48.0,user491@example.com,86247.8388345947,UK,416-555-0491,2021-05-05
C0492,71.0,user492@example.com,63995.335269615236,Australia,416-555-0492,2021-05-06
C0493,75.0,user493@example.com,105290.83319630996,Australia,416-555-0493,2021-05-07
C0494,20.0,user494@example.com,82870.82438106669,Australia,416-555-0494,2021-05-08
C0495,57.0,user495@example.com,56464.021129887435,Canada,416-555-0495,2021-05-09
C0496,63.0,user496@example.com,94265.32798108454,Canada,416-555-0496,2021-05-10
C0497,41.0,user497@example.com,,Canada,416-555-0497,2021-05-11
C0498,67.0,user498@example.com,78101.03021315222,Canada,416-555-0498,2021-05-12
C0499,49.0,user499@example.com,73297.91535488275,UK,416-555-0499,2021-05-13
C0500,64.0,user500@example.com,74731.07539391241,UK,416-555-0500,2021-05-14
C0501,39.0,user501@example.com,98882.06529596166,UK,416-555-0501,2021-05-15
C0502,40.0,user502@example.com,39268.333139818395,USA,416-555-0502,2021-05-16
C0503,19.0,user503@example.com,60092.6530179434,Australia,416-555-0503,2021-05-17
C0504,44.0,user504@example.com,"$36,795.30",Canada,416-555-0504,2021-05-18
C0505,59.0,user505@example.com,97792.15986727057,Canada,416-555-0505,2021-05-19
C0506,19.0,,54507.166924826946,UK,416-555-0506,2021-05-20
C0507,43.0,user507@example.com,110768.73688369957,Canada,416-555-0507,2021-05-21
C0508,34.0,user508@example.com,77392.06199933644,Canada,416-555-0508,2021-05-22
C0509,57.0,user509@example.com,102067.4794337509,Australia,416-555-0509,2021-05-23
C0510,50.0,user510@example.com,118103.8292054365,UK,416-555-0510,2021-05-24
C0511,26.0,user511@example.com,105580.99735109136,Australia,416-555-0511,2021-05-25
C0512,60.0,user512@example.com,,USA,416-555-0512,2021-05-26
C0513,71.0,user513@example.com,66718.60458283602,USA,416-555-0513,2021-05-27
C0514,65.0,user514@example.com,79655.03357334058,USA,416-555-0514,2021-05-28
C0515,56.0,user515@example.com,52849.970763897385,UK,416-555-0515,2021-05-29
C0516,46.0,user516@example.com,47650.17897241075,Canada,416-555-0516,2021-05-30
C0517,59.0,user517@example.com,75495.70911954304,UK,416-555-0517,2021-05-31
C0518,72.0,user518@example.com,83554.40817303785,UK,416-555-0518,2021-06-01
C0519,43.0,user519@example.com,60534.41213065719,Canada,416-555-0519,2021-06-02
C0520,52.0,user520@example.com,81249.91659871503,Australia,416-555-0520,2021-06-03
C0521,67.0,,109871.44342621526,USA,416-555-0521,2021-06-04
C0522,42.0,user522@example.com,80104.94263050295,Australia,416-555-0522,2021-06-05
C0523,41.0,user523@example.com,94873.1786679456,USA,416-555-0523,2021-06-06
C0524,30.0,user524@example.com,102478.34706221145,UK,416-555-0524,2021-06-07
C0525,,user525@example.com,,USA,416-555-0525,2021-06-08
C0526,75.0,user526@example.com,84287.76619592815,UK,416-555-0526,2021-06-09
C0527,24.0,user527@example.com,102616.51340663274,Australia,416-555-0527,2021-06-10
C0528,74.0,user528@example.com,116638.43866993873,UK,416-555-0528,2021-06-11
C0529,53.0,user529@example.com,114996.87530195461,Australia,416-555-0529,2021-06-12
C0530,62.0,user530@example.com,,Canada,416-555-0530,2021-06-13
C0531,37.0,user531@example.com,66575.30774461699,Canada,416-555-0531,2021-06-14
C0532,18.0,user532@example.com,59159.105499611964,Canada,416-555-0532,2021-06-15
C0533,25.0,user533@example.com,37823.25134553144,UK,416-555-0533,2021-06-16
C0534,63.0,user534@example.com,86991.66974198645,Canada,416-555-0534,2021-06-17
C0535,33.0,user535@example.com,"$96,231.42",USA,416-555-0535,2021-06-18
C0536,31.0,user536@example.com,106331.52859201952,Australia,416-555-0536,2021-06-19
C0537,29.0,user537@example.com,41049.92006964376,Australia,416-555-0537,2021-06-20
C0538,68.0,user538@example.com,108879.96682877645,USA,416-555-0538,2021-06-21
C0539,40.0,user539@example.com,87863.30072528278,UK,416-555-0539,2021-06-22
C0540,32.0,user540@example.com,93355.15216246585,UK,416-555-0540,2021-06-23
C0541,45.0,user541@example.com,111956.16031862736,Australia,416-555-0541,2021-06-24
C0542,51.0,user542@example.com,86228.5143938926,Canada,416-555-0542,2021-06-25
C0543,19.0,user543@example.com,60227.927143485154,UK,416-555-0543,2021-06-26
C0544,49.0,user544@example.com,104259.65982803938,UK,416-555-0544,2021-06-27
C0545,40.0,,62675.32909755815,USA,416-555-0545,2021-06-28
C0546,39.0,user546@example.com,33080.529973847624,USA,416-555-0546,2021-06-29
C0547,68.0,user547@example.com,104758.90559087248,Canada,416-555-0547,2021-06-30
C0548,42.0,user548@example.com,61067.2930393148,UK,416-555-0548,2021-07-01
C0549,75.0,user549@example.com,99645.10708812063,UK,416-555-0549,2021-07-02
C0550,79.0,user550@example.com,62648.21051993509,USA,416-555-0550,2021-07-03
C0551,78.0,user551@example.com,107496.12179772495,UK,416-555-0551,2021-07-04
C0552,39.0,user552@example.com,49755.94725728629,Australia,416-555-0552,2021-07-05
C0553,75.0,user553@example.com,117709.2538678983,USA,416-555-0553,2021-07-06
C0554,75.0,user554@example.com,100178.28973092277,Canada,416-555-0554,2021-07-07
C0555,39.0,user555@example.com,40281.41333283571,USA,416-555-0555,2021-07-08
C0556,66.0,user556@example.com,80919.89579699044,UK,416-555-0556,2021-07-09
C0557,69.0,user557@example.com,118683.05810175612,Canada,416-555-0557,2021-07-10
C0558,59.0,user558@example.com,72395.8907424433,USA,416-555-0558,2021-07-11
C0559,23.0,user559@example.com,46389.64249394249,Australia,416-555-0559,2021-07-12
C0560,,user560@example.com,73630.05304353115,Australia,416-555-0560,2021-07-13
C0561,71.0,user561@example.com,76121.18902937294,USA,416-555-0561,2021-07-14
C0562,60.0,user562@example.com,96751.8249805799,Australia,416-555-0562,2021-07-15
C0563,77.0,user563@example.com,92896.1267844814,Australia,416-555-0563,2021-07-16
C0564,54.0,user564@example.com,66229.50392372825,Australia,416-555-0564,2021-07-17
C0565,50.0,user565@example.com,49622.07967446778,Canada,416-555-0565,2021-07-18
C0566,25.0,user566@example.com,88054.87509923965,Australia,416-555-0566,2021-07-19
C0567,70.0,user567@example.com,67953.35410979536,Australia,416-555-0567,2021-07-20
C0568,77.0,user568@example.com,41904.859001279736,Australia,416-555-0568,2021-07-21
C0569,61.0,user569@example.com,111051.50711127471,Canada,416-555-0569,2021-07-22
C0570,61.0,user570@example.com,92209.9671848689,USA,416-555-0570,2021-07-23
C0571,22.0,user571@example.com,,UK,416-555-0571,2021-07-24
C0572,56.0,user572@example.com,104032.54883205066,Australia,416-555-0572,2021-07-25
C0573,21.0,user573@example.com,77669.5510789573,USA,416-555-0573,2021-07-26
C0574,23.0,user574@example.com,103354.89855622115,Australia,416-555-0574,2021-07-27
C0575,62.0,user575@example.com,74828.16781599051,Canada,416-555-0575,2021-07-28
C0576,49.0,user576@example.com,36045.785992413905,USA,416-555-0576,2021-07-29
C0577,69.0,user577@example.com,"$66,472.33",Canada,416-555-0577,2021-07-30
C0578,47.0,user578@example.com,74771.84045819016,Australia,416-555-0578,2021-07-31
C0579,64.0,user579@example.com,94818.23234690662,Australia,416-555-0579,2021-08-01
C0580,52.0,user580@example.com,39592.085711580694,Canada,416-555-0580,2021-08-02
C0581,72.0,user581@example.com,42601.668479440414,UK,416-555-0581,2021-08-03
C0582,,user582@example.com,53731.54223711548,Canada,416-555-0582,2021-08-04
C0583,69.0,user583@example.com,53984.8554033794,Australia,416-555-0583,2021-08-05
C0584,33.0,user584@example.com,95896.61206131561,Canada,416-555-0584,2021-08-06
C0585,30.0,user585@example.com,52565.7594505438,UK,416-555-0585,2021-08-07
C0586,67.0,user586@example.com,86978.82570217029,Canada,416-555-0586,2021-08-08
C0587,77.0,user587@example.com,74484.64651244442,UK,416-555-0587,2021-08-09
C0588,59.0,user588@example.com,81596.49403614606,UK,416-555-0588,2021-08-10
C0589,47.0,user589@example.com,105429.62668604663,Canada,416-555-0589,2021-08-11
C0590,36.0,user590@example.com,66394.33513941219,Canada,416-555-0590,2021-08-12
C0591,34.0,user591@example.com,99382.02393578434,USA,416-555-0591,2021-08-13
C0592,73.0,user592@example.com,67983.24535956187,Australia,416-555-0592,2021-08-14
C0593,36.0,user593@example.com,61848.42389051245,UK,416-555-0593,2021-08-15
C0594,45.0,user594@example.com,116276.44595818986,USA,416-555-0594,2021-08-16
C0595,75.0,user595@example.com,46593.382861106686,Canada,416-555-0595,2021-08-17
C0596,72.0,user596@example.com,38130.32645198471,Australia,416-555-0596,2021-08-18
C0597,43.0,user597@example.com,99388.73329819307,USA,416-555-0597,2021-08-19
C0598,54.0,user598@example.com,36142.47348186824,UK,416-555-0598,2021-08-20
C0599,43.0,user599@example.com,105337.10916327265,USA,416-555-0599,2021-08-21
C0600,70.0,user600@example.com,69347.40567215192,UK,416-555-0600,2021-08-22
C0601,79.0,user601@example.com,,Canada,416-555-0601,2021-08-23
C0602,40.0,user602@example.com,94937.9575009715,Australia,416-555-0602,2021-08-24
C0603,26.0,user603@example.com,84936.42003071618,Australia,416-555-0603,2021-08-25
C0604,29.0,user604@example.com,115437.61173519891,Australia,416-555-0604,2021-08-26
C0605,70.0,user605@example.com,65698.44357468488,Canada,416-555-0605,2021-08-27
C0606,18.0,user606@example.com,115867.82428856698,UK,416-555-0606,2021-08-28
C0607,75.0,user607@example.com,"$42,150.11",Canada,416-555-0607,2021-08-29
C0608,75.0,user608@example.com,73537.94477391714,Australia,416-555-0608,2021-08-30
C0609,18.0,user609@example.com,54292.010015297536,Canada,416-555-0609,2021-08-31
C0610,64.0,user610@example.com,78585.85010173741,Canada,416-555-0610,2021-09-01
C0611,51.0,user611@example.com,44581.249010242616,Canada,416-555-0611,2021-09-02
C0612,49.0,user612@example.com,105737.66942790391,UK,416-555-0612,2021-09-03
C0613,79.0,user613@example.com,106176.70643831015,USA,416-555-0613,2021-09-04
C0614,71.0,user614@example.com,115971.2681451131,USA,416-555-0614,2021-09-05
C0615,65.0,user615@example.com,43920.49267949126,Canada,416-555-0615,2021-09-06
C0616,42.0,user616@example.com,86099.92958144916,USA,416-555-0616,2021-09-07
C0617,57.0,user617@example.com,72681.35778303327,USA,416-555-0617,2021-09-08
C0618,62.0,user618@example.com,60994.53588398099,Canada,416-555-0618,2021-09-09
C0619,70.0,user619@example.com,61638.6145020797,Canada,416-555-0619,2021-09-10
C0620,18.0,user620@example.com,67151.41955460771,Australia,416-555-0620,2021-09-11
C0621,33.0,user621@example.com,93443.29947200578,USA,416-555-0621,2021-09-12
C0622,78.0,user622@example.com,83845.74524413393,UK,416-555-0622,2021-09-13
C0623,56.0,user623@example.com,71371.33614850181,Canada,416-555-0623,2021-09-14
C0624,22.0,user624@example.com,36834.00693326599,Australia,416-555-0624,2021-09-15
C0625,39.0,user625@example.com,36998.88096710614,UK,416-555-0625,2021-09-16
C0626,46.0,user626@example.com,30210.545156320044,USA,416-555-0626,2021-09-17
C0627,72.0,user627@example.com,117092.94493863778,Australia,416-555-0627,2021-09-18
C0628,20.0,user628@example.com,30472.843670254642,Canada,416-555-0628,2021-09-19
C0629,29.0,user629@example.com,39278.43714123704,UK,416-555-0629,2021-09-20
C0630,43.0,user630@example.com,58313.690112846976,Canada,416-555-0630,2021-09-21
C0631,33.0,user631@example.com,102668.72266350851,USA,416-555-0631,2021-09-22
C0632,68.0,user632@example.com,116588.89071877059,UK,416-555-0632,2021-09-23
C0633,54.0,user633@example.com,101101.22029126705,USA,416-555-0633,2021-09-24
C0634,39.0,user634@example.com,92150.42092010766,USA,416-555-0634,2021-09-25
C0635,74.0,user635@example.com,76917.06006722125,Australia,416-555-0635,2021-09-26
C0636,46.0,user636@example.com,,Canada,416-555-0636,2021-09-27
C0637,31.0,user637@example.com,116235.37137035374,UK,416-555-0637,2021-09-28
C0638,45.0,user638@example.com,98255.31725511134,USA,416-555-0638,2021-09-29
C0639,22.0,user639@example.com,87505.44468008357,USA,416-555-0639,2021-09-30
C0640,64.0,user640@example.com,98313.22609849648,UK,416-555-0640,2021-10-01
C0641,66.0,user641@example.com,95169.29963458248,USA,416-555-0641,2021-10-02
C0642,47.0,user642@example.com,87350.84218105383,Australia,416-555-0642,2021-10-03
C0643,63.0,user643@example.com,118251.91201619894,Australia,416-555-0643,2021-10-04
C0644,79.0,user644@example.com,111302.74313724224,Australia,416-555-0644,2021-10-05
C0645,69.0,,88199.84272054471,Australia,416-555-0645,2021-10-06
C0646,22.0,,92385.76903112323,USA,416-555-0646,2021-10-07
C0647,29.0,user647@example.com,34643.6225992839,UK,416-555-0647,2021-10-08
C0648,33.0,user648@example.com,90292.57180950353,UK,416-555-0648,2021-10-09
C0649,43.0,,33974.88939390902,UK,416-555-0649,2021-10-10
C0650,43.0,user650@example.com,82943.7381272938,UK,416-555-0650,2021-10-11
C0651,65.0,user651@example.com,119941.81496092514,Canada,416-555-0651,2021-10-12
C0652,38.0,user652@example.com,80022.59232934617,UK,416-555-0652,2021-10-13
C0653,56.0,user653@example.com,72588.91062732,Canada,416-555-0653,2021-10-14
C0654,53.0,user654@example.com,58156.93708550288,Canada,416-555-0654,2021-10-15
C0655,50.0,user655@example.com,"$40,847.03",Australia,416-555-0655,2021-10-16
C0656,79.0,user656@example.com,95792.13043124534,Canada,416-555-0656,2021-10-17
C0657,47.0,user657@example.com,47333.912500706734,USA,416-555-0657,2021-10-18
C0658,54.0,user658@example.com,40375.381912255594,Canada,416-555-0658,2021-10-19
C0659,40.0,user659@example.com,67958.63937574613,Australia,416-555-0659,2021-10-20
C0660,75.0,user660@example.com,"$101,580.77",Canada,416-555-0660,2021-10-21
C0661,27.0,user661@example.com,97055.80933081983,USA,416-555-0661,2021-10-22
C0662,71.0,user662@example.com,"$34,939.44",USA,416-555-0662,2021-10-23
C0663,22.0,user663@example.com,70962.93165325405,USA,416-555-0663,2021-10-24
C0664,53.0,user664@example.com,77019.1118464052,Australia,416-555-0664,2021-10-25
C0665,51.0,user665@example.com,88009.198556324,Australia,416-555-0665,2021-10-26
C0666,69.0,user666@example.com,88515.06153989054,UK,416-555-0666,2021-10-27
C0667,48.0,user667@example.com,62822.752451157525,Australia,416-555-0667,2021-10-28
C0668,27.0,user668@example.com,80460.94746031627,USA,416-555-0668,2021-10-29
C0669,75.0,user669@example.com,73295.56954596778,USA,416-555-0669,2021-10-30
C0670,36.0,user670@example.com,109649.85208709529,Australia,416-555-0670,2021-10-31
C0671,75.0,user671@example.com,77723.86193714102,Canada,416-555-0671,2021-11-01
C0672,49.0,user672@example.com,69692.89455733454,Australia,416-555-0672,2021-11-02
C0673,18.0,user673@example.com,"$66,403.69",Australia,416-555-0673,2021-11-03
C0674,73.0,user674@example.com,"$81,518.50",USA,416-555-0674,2021-11-04
C0675,22.0,user675@example.com,,UK,416-555-0675,2021-11-05
C0676,62.0,user676@example.com,78456.13413427088,USA,416-555-0676,2021-11-06
C0677,21.0,user677@example.com,,UK,416-555-0677,2021-11-07
C0678,33.0,user678@example.com,96407.01902158724,USA,416-555-0678,2021-11-08
C0679,41.0,user679@example.com,76815.12988908586,Australia,416-555-0679,2021-11-09
C0680,33.0,user680@example.com,68413.53509893779,USA,416-555-0680,2021-11-10
C0681,72.0,user681@example.com,108899.88400762045,USA,416-555-0681,2021-11-11
C0682,19.0,user682@example.com,67575.5475625103,USA,416-555-0682,2021-11-12
C0683,66.0,user683@example.com,71574.85655180289,Australia,416-555-0683,2021-11-13
C0684,45.0,user684@example.com,119130.71820075993,Australia,416-555-0684,2021-11-14
C0685,,user685@example.com,30021.377121829613,Australia,416-555-0685,2021-11-15
C0686,44.0,user686@example.com,46692.56186190502,Australia,416-555-0686,2021-11-16
C0687,37.0,user687@example.com,64556.75009277531,UK,416-555-0687,2021-11-17
C0688,41.0,user688@example.com,113933.09184827276,UK,416-555-0688,2021-11-18
C0689,29.0,user689@example.com,,Canada,416-555-0689,2021-11-19
C0690,67.0,user690@example.com,,Australia,416-555-0690,2021-11-20
C0691,52.0,user691@example.com,34741.54523795057,UK,416-555-0691,2021-11-21
C0692,77.0,user692@example.com,37968.90695522563,USA,416-555-0692,2021-11-22
C0693,50.0,user693@example.com,33383.70958856348,Australia,416-555-0693,2021-11-23
C0694,50.0,user694@example.com,73180.31941708543,Canada,416-555-0694,2021-11-24
C0695,78.0,user695@example.com,,Canada,416-555-0695,2021-11-25
C0696,68.0,user696@example.com,54451.82739621037,Canada,416-555-0696,2021-11-26
C0697,60.0,user697@example.com,65845.8645578072,USA,416-555-0697,2021-11-27
C0698,54.0,user698@example.com,38252.94016002871,UK,416-555-0698,2021-11-28
C0699,29.0,user699@example.com,60273.34174455798,USA,416-555-0699,2021-11-29
C0700,20.0,user700@example.com,77026.72724710708,Australia,416-555-0700,2021-11-30
C0001,56.0,user1@example.com,103838.41593941413,USA,416-555-0001,2020-01-01
C0002,69.0,user2@example.com,,Canada,416-555-0002,2020-01-02
C0003,46.0,user3@example.com,48601.592388907084,USA,416-555-0003,2020-01-03
C0004,32.0,user4@example.com,54656.50145890204,UK,416-555-0004,2020-01-04
C0005,60.0,user5@example.com,49313.02077375367,USA,416-555-0005,2020-01-05
